# OT 2026 por tramo y tipo de inspección, generado por
# cargar_consolidado_ot.py desde el control de OT de TGI (hoja
# 'Consolidado OT'). NO editar a mano: correr el script con el archivo
# nuevo. Las OT que haya que forzar van en ot_por_tipo.csv.
tramo,tramo_tgi,tipo,ot,distrito,trimestre,estado,mes
GUALANDAY - GUASIMAL,GUALANDAY - GUASIMAL,CIPS,1300016022,D02,2026-Q3,Ejecutada,Agosto
PK 65 - Apiay,PK 65+900 - APIAY,CIPS,1300016327,D04,2026-Q3,Por ejecutar,Prog. Octubre
TULUA - CALI,TULUA - CALI,DCVG,1300017220,D08,2026-Q4,Por ejecutar,Prog. Diciembre
VASCONIA - PUERTO SALGAR,VASCONIA - PUERTO SALGAR,CIPS,1300014198,D01,2026-Q1,Por ejecutar,Prog. Diciembre
Tulua - Cali,Tulua - Cali,CIPS,1300010984,D08,2026-Q1,Ejecutada,Marzo
SUCRE ORIENTAL - COGUA,SUCRE ORIENTAL - COGUA,CIPS,1300016372,D03,2026-Q3,En ejecucion,Si
Villavicencio - Usme,VILLAVICENCIO USME,CIPS,1300017211,D04,2026-Q4,Ejecutada,Si
Obando - Tulua,Obando - Tulua,DCVG,1300013508,D08,2026-Q1,Ejecutada,Marzo
Obando - Tulua,Obando - Tulua,CIPS,1300010882,D08,2025,Ejecutada,Noviembre 2025
Mariquita - Letras,Mariquita - Letras,DCVG,1300012991,D07,2026-Q1,Ejecutada,Mayo
Letras - Marsella,Letras - Marsella,DCVG,1300012837,D07,2026-Q1,Ejecutada,Febrero
Gasoducto del Ariari,Gasoducto del Ariari,DCVG,1300012836,D04,2026-Q1,Por ejecutar,Prog. Diciembre
GUASIMAL - DINA,GUASIMAL - DINA,CIPS,1300016073,D02,2026-Q3,Ejecutada,Agosto
SEBASTOPOL - VASCONIA,SEBASTOPOL - VASCONIA,CIPS,1300014191,D01,2026-Q1,Por ejecutar,Prog. Diciembre
Marsella - Obando,Marsella - Obando,DCVG,1300013563,D07,2025,Ejecutada,Diciembre 2025
Armenia PK 46+265,Armenia PK 46+265,DCVG,1300013506,D07,2026-Q1,Ejecutada,Marzo
JAMUNDI PK 43+082,JAMUNDI PK 43+082,DCVG,1300017548,D08,2026-Q4,Por ejecutar,Prog. Noviembre
Jamundi PK 43+082,Jamundi PK 43+082,CIPS,1300011006,D08,2026-Q1,Ejecutada,Marzo
Pradera PK 37+422,Pradera PK 37+422,CIPS,1300010884,D08,2026-Q1,Ejecutada,Marzo
MONTANUELO - GUALANDAY,MONTANUELO - GUALANDAY,CIPS,1300016405,D02,2026-Q3,Ejecutada,Agosto
Puente Guillermo - Sucre Oriental,PTE GUILLERMO-SUCRE ORIENTAL,CIPS,1300016377,D03,2026-Q3,Por ejecutar,Prog. Noviembre
Loop - Ramal Armenia,Loop Armenia,DCVG,1300013507,D08,2025,Ejecutada,Noviembre 2025
PRADERA PK 37+422,PRADERA PK 37+422,DCVG,1300016390,D08,2026-Q3,Ejecutada,Septiembre
MARIQUITA - GUALANDAY,MARIQUITA - GUALANDAY,PAP,1300015227,D02,2026-Q2,Ejecutada,Mayo
PK 17+500 - Sucre Oriental,PK 17+500 - Sucre Oriental,CIPS,1300016370,D03,2026-Q3,Por ejecutar,Prog. Octubre
ROLDANILLO PK 206+545,ROLDANILLO PK 206+545,DCVG,1300016112,D08,2026-Q3,Ejecutada,Julio
FILANDIA PK 17+602,FILANDIA PK 17+602,DCVG,1300015213,D07,2026-Q2,Ejecutada,Junio
FILANDIA PK 17+602,FILANDIA PK 17+602,CIPS,1300014411,D07,2026-Q1,Ejecutada,Junio
LA CELIA (22+706),LA CELIA (22+706),DCVG,1300015228,D07,2026-Q2,Ejecutada,Julio
LA CELIA (22+706),LA CELIA (22+706),CIPS,1300014388,D07,2026-Q1,Ejecutada,Enero
NEIRA PK 81+146,NEIRA PK 81+146,DCVG,1300014995,D07,2026-Q2,Ejecutada,Junio
LIBANO PK 341+750,LIBANO PK 341+750,CIPS,1300015254,D02,2026-Q2,Ejecutada,Mayo
LETRAS - MARSELLA,LETRAS - MARSELLA,PAP,1300014321,D07,2026-Q1,Ejecutada,Febrero
MANZANARES PK 24+044,MANZANARES PK 24+044,DCVG,1300015002,D07,2026-Q2,Ejecutada,Abril
AMBALEMA PK 344+300,AMBALEMA PK 344+300,CIPS,1300015262,D02,2026-Q2,Ejecutada,Mayo
OBANDO - TULUA,OBANDO - TULUA,PAP,1300014395,D08,2026-Q1,Ejecutada,Marzo
GASODUCTO DEL ARIARI,GASODUCTO DEL ARIARI,PAP,1300017209,D04,2026-Q4,Ejecutada,Septiembre
MARIQUITA - LETRAS,MARIQUITA - LETRAS,PAP,1300014353,D07,2026-Q1,Ejecutada,Abril
LA VIRGINIA PK 158+678,LA VIRGINIA PK 158+678,DCVG,1300015203,D07,2026-Q2,Ejecutada,Julio
MARSELLA - OBANDO,MARSELLA - OBANDO,PAP,1300014366,D07,2026-Q1,Ejecutada,Enero
LA VIRGINIA PK 158+678,LA VIRGINIA PK 158+678,CIPS,1300014371,D07,2026-Q1,Ejecutada,Enero
RESTREPO PK 128+200,RESTREPO PK 128+200,DCVG,1300015063,D04,2026-Q2,Por ejecutar,Prog. Noviembre
RESTREPO PK 128+200,RESTREPO PK 128+200,CIPS,1300016325,D04,2026-Q3,Por ejecutar,Prog. Octubre
DOS QUEBRADAS,DOS QUEBRADAS,DCVG,1300014999,D07,2026-Q2,Ejecutada,Junio
SALENTO PK 15+921,SALENTO PK 15+921,DCVG,1300016109,D07,2026-Q3,Ejecutada,Julio
SALENTO PK 15+921,SALENTO PK 15+921,CIPS,1300014413,D07,2026-Q1,Ejecutada,Junio
DINA - TELLO,DINA - TELLO,CIPS,1300016082,D02,2026-Q3,Ejecutada,Agosto
Puerto Salgar - Mariquita,PTO SALGAR-MARIQUITA,PAP,1300014311,D02,2026-Q1,Ejecutada,Mayo
ANSERMANUEVO PK 14+059,ANSERMANUEVO PK 14+059,DCVG,1300015226,D08,2026-Q2,Ejecutada,Julio
ANSERMANUEVO PK 14+059,ANSERMANUEVO PK 14+059,CIPS,1300014377,D08,2026-Q1,Ejecutada,Enero
CALARCA PK 46+265,CALARCA PK 46+265,DCVG,1300015184,D07,2026-Q2,Ejecutada,Julio
CALARCA PK 46+265,CALARCA PK 46+265,CIPS,1300014344,D07,2026-Q1,Ejecutada,Julio
TERMODORADA PK 260+504,TERMODORADA PK 260+504,CIPS,1300014798,D01,2026-Q1,Ejecutada,Junio
Armenia PK 46+265,Armenia PK 46+265,PAP,1300012658,D07,2025,Ejecutada,Diciembre 2025
ARMENIA PK 46+265,ARMENIA PK 46+265,PAP,1300015146,D07,2026-Q2,Ejecutada,Junio
HERVEO PK 50+978,HERVEO PK 50+978,DCVG,1300015003,D07,2026-Q2,Ejecutada,Abril
APIAY - TERMOCOA,APIAY - TERMOCOA,PAP,1300017125,D04,2026-Q4,Por ejecutar,Prog. Diciembre
MONTENEGRO PK 9+487,MONTENEGRO PK 9+487,DCVG,1300016026,D07,2026-Q3,Ejecutada,Julio
Loop - Ramal Armenia,Loop Armenia,PAP,1300012661,D08,2025,Ejecutada,Diciembre 2025
Loop - Ramal Armenia,ARMENIA Loop,PAP,1300015190,D08,2026-Q2,Ejecutada,Junio
MONTENEGRO PK 9+487,MONTENEGRO PK 9+487,CIPS,1300015061,D07,2026-Q2,Ejecutada,Julio
SUTATAUSA (73+420),SUTATAUSA (73+420),CIPS,1300016362,D03,2026-Q3,Por ejecutar,Prog. Noviembre
LA VICTORIA PK 281+800,LA VICTORIA PK 281+800,CIPS,1300014354,D02,2026-Q1,Ejecutada,Abril
Apiay - Villavicencio,APIAY VILLAVICENCIO,PAP,1300017213,D04,2026-Q4,Por ejecutar,Prog. Octubre
PIEDRAS PK 371+600,PIEDRAS PK 371+600,CIPS,1300015277,D02,2026-Q2,Ejecutada,Mayo
GINEBRA,GINEBRA,DCVG,1300016387,D08,2026-Q3,Por ejecutar,Prog. Noviembre
Ginebra,Ginebra,CIPS,1300011002,D08,2026-Q1,Por ejecutar,Prog. Noviembre
HONDA PK 296+096,HONDA PK 296+096,CIPS,1300015214,D02,2026-Q2,Ejecutada,Abril
MARSELLA PK 136+017,MARSELLA PK 136+017,DCVG,1300015004,D07,2026-Q2,Ejecutada,Julio
DOS QUEBRADAS,DOS QUEBRADAS,PAP,1300014394,D07,2026-Q1,Ejecutada,Enero
ROLDANILLO PK 206+545,ROLDANILLO PK 206+545,PAP,1300015193,D08,2026-Q2,Ejecutada,Abril
NEIRA PK 81+146,NEIRA PK 81+146,PAP,1300014322,D07,2026-Q1,Ejecutada,Febrero
FLORIDA,FLORIDA,DCVG,1300016385,D08,2026-Q3,Por ejecutar,Prog. Noviembre
EL CERRITO PK 4+721,EL CERRITO PK 4+721,DCVG,1300016384,D08,2026-Q3,Por ejecutar,Prog. Noviembre
CALDAS PK 41+153,CALDAS PK 41+153,CIPS,1300016337,D03,2026-Q3,Por ejecutar,Prog. Noviembre
MANZANARES PK 24+044,MANZANARES PK 24+044,PAP,1300014359,D07,2026-Q1,Ejecutada,Marzo
PEREIRA PK 153+406,PEREIRA PK 153+406,DCVG,1300015199,D07,2026-Q2,Ejecutada,Julio
SIMIJACA PK 45+311,SIMIJACA PK 45+311,CIPS,1300016355,D03,2026-Q3,Por ejecutar,Prog. Noviembre
NEMOCON PK 107+254,NEMOCON PK 107+254,CIPS,1300016352,D03,2026-Q3,Por ejecutar,Prog. Octubre
CAQUEZA PK 92+900,CAQUEZA PK 92+900,PAP,1300017214,D04,2026-Q4,Ejecutada,Septiembre
FRESNO PK19+140,FRESNO PK19+140,DCVG,1300015001,D07,2026-Q2,Ejecutada,Abril
Tello - Los Pinos,TELLO-PINOS NEIVA,CIPS,1300016254,D02,2026-Q3,Ejecutada,Agosto
CHINCHINA,CHINCHINA,DCVG,1300014998,D07,2026-Q2,Ejecutada,Junio
SEVILLA (12+270),SEVILLA (12+270),PAP,1300015149,D08,2026-Q2,Ejecutada,Abril
CARTAGO PK 174+067,CARTAGO PK 174+067,DCVG,1300015195,D08,2026-Q2,Ejecutada,Abril
ALBANIA PK 17+503,ALBANIA PK 17+503,CIPS,1300016329,D03,2026-Q3,Por ejecutar,Prog. Noviembre
SUSA PK 52+359,SUSA PK 52+359,CIPS,1300016360,D03,2026-Q3,Por ejecutar,Prog. Noviembre
UBATE PK73+420,UBATE PK73+420,CIPS,1300016368,D03,2026-Q3,Por ejecutar,Prog. Noviembre
DOIMA PK 390+025,DOIMA PK 390+025,CIPS,1300015125,D02,2026-Q2,Ejecutada,Mayo
QUETAME PK 79+350,QUETAME PK 79+350,PAP,1300017214,D04,2026-Q4,Ejecutada,Septiembre
ACACIAS PK 17+000,ACACIAS PK 17+000,PAP,1300017129,D04,2026-Q4,Ejecutada,Si
Villamaria PK 88+348,Villamaria PK 88+348,DCVG,1300012990,D07,2026-Q1,Ejecutada,Enero
CHIPAQUE PK 112+900,CHIPAQUE PK 112+900,PAP,1300017214,D04,2026-Q4,Ejecutada,Septiembre
FOSCA PK 92+900,FOSCA PK 92+900,PAP,1300017214,D04,2026-Q4,Ejecutada,Septiembre
HERVEO PK 50+978,HERVEO PK 50+978,PAP,1300014362,D07,2026-Q1,Ejecutada,Febrero
FUQUENE PK 61+554,FUQUENE PK 61+554,CIPS,1300016344,D03,2026-Q3,Por ejecutar,Prog. Octubre
VILLAMARIA PK 88+348,VILLAMARIA PK 88+348,PAP,1300014387,D07,2026-Q1,Ejecutada,Enero
CARTAGO PK 174+067,CARTAGO PK 174+067,PAP,1300014392,D08,2026-Q1,Ejecutada,Febrero
MANIZALES (3+154),MANIZALES (3+154),DCVG,1300014997,D07,2026-Q2,Ejecutada,Junio
TAUSA PK 95+505,TAUSA PK 95+505,CIPS,1300016364,D03,2026-Q3,Por ejecutar,Prog. Noviembre
QUIMBAYA PK 7+850,QUIMBAYA PK 7+850,DCVG,1300016064,D07,2026-Q3,Ejecutada,Julio
PARATEBUENO PK93+100,PARATEBUENO PK93+100,DCVG,1300015178,D04,2026-Q2,Por ejecutar,Prog. Diciembre
QUIMBAYA PK 7+850,QUIMBAYA PK 7+850,CIPS,1300014409,D07,2026-Q1,Ejecutada,Junio
PARATEBUENO PK93+100,PARATEBUENO PK93+100,CIPS,1300016323,D04,2026-Q3,Por ejecutar,Prog. Diciembre
CAICEDONIA PK 218+846,CAICEDONIA PK 218+846,PAP,1300015148,D08,2026-Q2,Ejecutada,Abril
PURIFICACION,PURIFICACION,CIPS,1300016406,D02,2026-Q3,Ejecutada,Agosto
CHIQUINQUIRA,CHIQUINQUIRA,CIPS,1300016335,D03,2026-Q3,Por ejecutar,Prog. Noviembre
Ginebra,Ginebra,PAP,1300015167,D08,2026-Q2,Ejecutada,Marzo
La Tebaida,TEBAIDA PK 37+548,DCVG,1300016059,D07,2026-Q3,Ejecutada,Julio
La Tebaida,TEBAIDA PK 37+548,CIPS,1300014341,D07,2026-Q1,Ejecutada,Julio
MARSELLA PK 136+017,MARSELLA PK 136+017,PAP,1300014323,D07,2026-Q1,Ejecutada,Enero
PALESTINA PK 107+608,PALESTINA PK 107+608,DCVG,1300014996,D07,2026-Q2,Ejecutada,Julio
FRESNO PK19+140,FRESNO PK19+140,PAP,1300014356,D07,2026-Q1,Ejecutada,Marzo
VILLAVICENCIO,VILLAVICENCIO,PAP,1300017128,D04,2026-Q4,Ejecutada,Prog. Noviembre
TUNUGUA (1+700),TUNUGUA (1+700),CIPS,1300016366,D03,2026-Q3,Por ejecutar,Prog. Noviembre
GUATANCUY PK 69+347,GUATANCUY PK 69+347,CIPS,1300016346,D03,2026-Q3,Por ejecutar,Prog. Octubre
PUERTO SERVIEZ,PUERTO SERVIEZ,CIPS,1300014194,D01,2026-Q1,Por ejecutar,Prog. Diciembre
PEREIRA PK 153+406,PEREIRA PK 153+406,PAP,1300014368,D07,2026-Q1,Ejecutada,Enero
CHINCHINA,CHINCHINA,PAP,1300014391,D07,2026-Q1,Ejecutada,Enero
EL CERRITO PK 4+721,EL CERRITO PK 4+721,PAP,1300014981,D08,2026-Q2,Ejecutada,Abril
CUCUNUBA PK 80+110,CUCUNUBA PK 80+110,CIPS,1300016341,D03,2026-Q3,Por ejecutar,Prog. Noviembre
SAN PEDRO PK 277+111,SAN PEDRO PK 277+111,DCVG,1300016391,D08,2026-Q3,Ejecutada,Agosto
PALESTINA PK 107+608,PALESTINA PK 107+608,PAP,1300014350,D07,2026-Q1,Ejecutada,Enero
MANIZALES (3+154),MANIZALES (3+154),PAP,1300014385,D07,2026-Q1,Ejecutada,Febrero
LA DORADA (9+600),LA DORADA (9+600),CIPS,1300014796,D01,2026-Q1,Ejecutada,Junio
SAN PEDRO PK 277+111,SAN PEDRO PK 277+111,PAP,1300015147,D08,2026-Q2,Ejecutada,Abril
FLORIDA,FLORIDA,PAP,1300015170,D08,2026-Q2,Ejecutada,Abril
SAN LUIS,SAN LUIS,PAP,1300016065,D02,2026-Q3,Ejecutada,Agosto
TIERRADENTRO (13+00),TIERRADENTRO (13+00),CIPS,1300015258,D02,2026-Q2,Ejecutada,Mayo
ZARZAL PK 220+372,ZARZAL PK 220+372,DCVG,1300016028,D08,2026-Q3,Ejecutada,Julio
LA VICTORIA (3+032),LA VICTORIA (3+032),PAP,1300014305,D08,2026-Q1,Ejecutada,Febrero
LA UNION (9+217),LA UNION (9+217),PAP,1300014310,D08,2026-Q1,Ejecutada,Febrero
ZARZAL PK 220+372,ZARZAL PK 220+372,PAP,1300014313,D08,2026-Q1,Ejecutada,Marzo
BUGA PK 286+843,BUGA PK 286+843,PAP,1300014319,D08,2026-Q1,Ejecutada,Marzo
EDS BUGA CANADUZAL,EDS BUGA CANADUZAL,PAP,1300014324,D08,2026-Q1,Ejecutada,Marzo
TERMOVALLE PK 336+404,TERMOVALLE PK 336+404,PAP,1300014325,D08,2026-Q1,Ejecutada,Marzo
TERMOEMCALI PK 340+500,TERMOEMCALI PK 340+500,PAP,1300014329,D08,2026-Q1,Ejecutada,Marzo
EDS TOTAL GAS,EDS TOTAL GAS,PAP,1300014386,D08,2026-Q1,Ejecutada,Marzo
EDS BUGA GAZEL,EDS BUGA GAZEL,PAP,1300014390,D08,2026-Q1,Ejecutada,Marzo
GUACARI PK 306+081,GUACARI PK 306+081,PAP,1300014393,D08,2026-Q1,Ejecutada,Marzo
EDS PUERTO CALDAS,EDS PUERTO CALDAS,PAP,1300014330,D07,2026-Q1,Ejecutada,Enero
SANTA ROSA DE CABAL,SANTA ROSA DE CABAL,PAP,1300014346,D07,2026-Q1,Ejecutada,Enero
BUGA GNI,BUGA GNI,PAP,1300014320,D08,2026-Q1,Ejecutada,Marzo
Bugalagrande,BUGA LA GRANDE PK 244+127,PAP,1300014332,D08,2026-Q1,Ejecutada,Marzo
ANDALUCIA PK 250+165,ANDALUCIA PK 250+165,PAP,1300014336,D08,2026-Q1,Ejecutada,Marzo
TULUA PK 265+496,TULUA PK 265+496,PAP,1300014338,D08,2026-Q1,Ejecutada,Marzo
LERIDA PK 336+740,LERIDA PK 336+740,CIPS,1300015248,D02,2026-Q2,Ejecutada,Abril
BUGALAGRANDE,BUGALAGRANDE,DCVG,1300016045,D08,2026-Q3,Ejecutada,Julio
MARIQUITA PK 293+100,MARIQUITA PK 293+100,CIPS,1300014358,D02,2026-Q1,Ejecutada,Mayo
GUAYABAL PK 313+053,GUAYABAL PK 313+053,CIPS,1300015222,D02,2026-Q2,Ejecutada,Abril
ALVARADO PK 371+600,ALVARADO PK 371+600,CIPS,1300015273,D02,2026-Q2,Ejecutada,Mayo
LA SIERRA PK 344+310,LA SIERRA PK 344+310,CIPS,1300015266,D02,2026-Q2,Ejecutada,Mayo
La Paila PK 230+500,La Paila PK 230+500,CIPS,1300010982,D08,2026-Q1,Ejecutada,Marzo
IBAGUE PK 401+100,IBAGUE PK 401+100,CIPS,1300015127,D02,2026-Q2,Ejecutada,Mayo
CEMEX PK 402+300,CEMEX PK 402+300,CIPS,1300015129,D02,2026-Q2,Ejecutada,Mayo
VENADILLO PK 354+670,VENADILLO PK 354+670,CIPS,1300015269,D02,2026-Q2,Ejecutada,Mayo
SANTA ROSA DE CABAL,SANTA ROSA DE CABAL,DCVG,1300015000,D07,2026-Q2,Ejecutada,Junio
CIRCASIA (PK 7+641),CIRCASIA (PK 7+641),DCVG,1300015216,D07,2026-Q2,Ejecutada,Junio
BALBOA,BALBOA,DCVG,1300015229,D07,2026-Q2,Ejecutada,Julio
LA VICTORIA (3+032),LA VICTORIA (3+032),DCVG,1300015964,D08,2026-Q3,Ejecutada,Julio
LA UNION (9+217),LA UNION (9+217),DCVG,1300016048,D08,2026-Q3,Ejecutada,Julio
ANDALUCIA PK 250+165,ANDALUCIA PK 250+165,DCVG,1300016050,D08,2026-Q3,Ejecutada,Julio
PUERTO SALGAR,PUERTO SALGAR,CIPS,1300014202,D01,2026-Q1,Ejecutada,Junio
BALBOA PK 11+828,BALBOA PK 11+828,CIPS,1300014326,D07,2026-Q1,Ejecutada,Enero
CIRCASIA (PK 7+641),CIRCASIA (PK 7+641),CIPS,1300015185,D07,2026-Q2,Ejecutada,Junio
